{"products":[{"id":"0.05553145118018765","qty":1}],"totalPrice":33.99999999999997}